{
    "pools": [
      {
        "rolls": 1,
        "entries": [
          {
            "type": "minecraft:item",
            "weight": 1,
            "name": "minecraft:music_disc_13",
            "functions": [
              {
                "function": "minecraft:set_count",
                "count": {
                  "min": 1,
                  "max": 1
                }
              },
              {
                "function": "minecraft:set_nbt",
                "tag": "{sma_rng:1b}"
              }
            ]
          },
          {
            "type": "minecraft:item",
            "weight": 1,
            "name": "minecraft:music_disc_13",
            "functions": [
              {
                "function": "minecraft:set_count",
                "count": {
                  "min": 1,
                  "max": 1
                }
              },
              {
                "function": "minecraft:set_nbt",
                "tag": "{sma_rng:2b}"
              }
            ]
          },
          {
            "type": "minecraft:item",
            "weight": 1,
            "name": "minecraft:music_disc_13",
            "functions": [
              {
                "function": "minecraft:set_count",
                "count": {
                  "min": 1,
                  "max": 1
                }
              },
              {
                "function": "minecraft:set_nbt",
                "tag": "{sma_rng:3b}"
              }
            ]
          }
        ]
      }
    ]
  }
  